Workbook

Sheet by search term
A1: RegionID | B1: Region | C1: Hamburger | D1: Milkshake | E1: Breakup
A2: 1 | B2: Alabama | C2: 0.64 | D2: 0.24 | E2: 0.12
A3: 2 | B3: Alaska | C3: 0.72 | D3: 0.15 | E3: 0.13
A4: 3 | B4: Arizona | C4: 0.66 | D4: 0.21 | E4: 0.13
A5: 4 | B5: Arkansas | C5: 0.66 | D5: 0.22 | E5: 0.12
A6: 5 | B6: California | C6: 0.65 | D6: 0.2 | E6: 0.15
A7: 6 | B7: Colorado | C7: 0.68 | D7: 0.18 | E7: 0.14 | H7: states
A8: 7 | B8: Connecticut | C8: 0.63 | D8: 0.22 | E8: 0.15 | H8: =COUNT(A2:A52) -> 51
A9: 8 | B9: Delaware | C9: 0.64 | D9: 0.23 | E9: 0.13
A10: 9 | B10: District of Columbia | C10: 0.68 | D10: 0.16 | E10: 0.16
A11: 10 | B11: Florida | C11: 0.63 | D11: 0.23 | E11: 0.14
A12: 11 | B12: Georgia | C12: 0.63 | D12: 0.23 | E12: 0.14
A13: 12 | B13: Hawaii | C13: 0.73 | D13: 0.14 | E13: 0.13
A14: 13 | B14: Idaho | C14: 0.67 | D14: 0.19 | E14: 0.14
A15: 14 | B15: Illinois | C15: 0.63 | D15: 0.23 | E15: 0.14
A16: 15 | B16: Indiana | C16: 0.63 | D16: 0.24 | E16: 0.13
A17: 16 | B17: Iowa | C17: 0.7 | D17: 0.17 | E17: 0.13
A18: 17 | B18: Kansas | C18: 0.67 | D18: 0.19 | E18: 0.14
A19: 18 | B19: Kentucky | C19: 0.64 | D19: 0.23 | E19: 0.13
A20: 19 | B20: Louisiana | C20: 0.66 | D20: 0.2 | E20: 0.14
... A52: 51 | B52: Wyoming | C52: 0.7 | D52: 0.17 | E52: 0.13

Sheet Sheet1
A1: Region | B1: Hamburger | C1: Milkshake | D1: Breakup
A2: Alabama | B2: 0.64 | C2: 0.24 | D2: 0.12
A3: Alaska | B3: 0.72 | C3: 0.15 | D3: 0.13
A4: Arizona | B4: 0.66 | C4: 0.21 | D4: 0.13
A5: Arkansas | B5: 0.66 | C5: 0.22 | D5: 0.12
A6: California | B6: 0.65 | C6: 0.2 | D6: 0.15
A7: Colorado | B7: 0.68 | C7: 0.18 | D7: 0.14
A8: Connecticut | B8: 0.63 | C8: 0.22 | D8: 0.15
A9: Delaware | B9: 0.64 | C9: 0.23 | D9: 0.13
A10: District of Columbia | B10: 0.68 | C10: 0.16 | D10: 0.16
A11: Florida | B11: 0.63 | C11: 0.23 | D11: 0.14
A12: Georgia | B12: 0.63 | C12: 0.23 | D12: 0.14
A13: Hawaii | B13: 0.73 | C13: 0.14 | D13: 0.13
... A52: Wyoming | B52: 0.7 | C52: 0.17 | D52: 0.13

Sheet sales region lookup
A1: State | B1: Sales Region | C1: Hamburger | D1: Milkshake
A2: Washington | B2: Northwest | C2: =VLOOKUP('sales region lookup'!A2, 'by search term'!B:C, 2, FALSE) -> 0.67 | D2: =_xlfn.XLOOKUP(A2, 'by search term'!B1:B52, 'by search term'!D1:D52, "not found") -> 0.19
A3: Oregon | B3: Northwest | C3: =VLOOKUP('sales region lookup'!A3, 'by search term'!B:C, 2, FALSE) -> 0.68 | D3: =_xlfn.XLOOKUP(A3, 'by search term'!B2:B53, 'by search term'!D2:D53, "not found") -> 0.18
A4: Idaho | B4: Northwest | C4: =VLOOKUP('sales region lookup'!A4, 'by search term'!B:C, 2, FALSE) -> 0.67 | D4: =_xlfn.XLOOKUP(A4, 'by search term'!B3:B54, 'by search term'!D3:D54, "not found") -> 0.19
A5: Montana | B5: Northwest | C5: =VLOOKUP('sales region lookup'!A5, 'by search term'!B:C, 2, FALSE) -> 0.73 | D5: =_xlfn.XLOOKUP(A5, 'by search term'!B4:B55, 'by search term'!D4:D55, "not found") -> 0.15
A6: North Dakota | B6: North Central | C6: =VLOOKUP('sales region lookup'!A6, 'by search term'!B:C, 2, FALSE) -> 0.7 | D6: =_xlfn.XLOOKUP(A6, 'by search term'!B5:B56, 'by search term'!D5:D56, "not found") -> 0.18
A7: South Dakota | B7: North Central | C7: =VLOOKUP('sales region lookup'!A7, 'by search term'!B:C, 2, FALSE) -> 0.76 | D7: =_xlfn.XLOOKUP(A7, 'by search term'!B6:B57, 'by search term'!D6:D57, "not found") -> 0.14
A8: Nebraska | B8: North Central | C8: =VLOOKUP('sales region lookup'!A8, 'by search term'!B:C, 2, FALSE) -> 0.7 | D8: =_xlfn.XLOOKUP(A8, 'by search term'!B7:B58, 'by search term'!D7:D58, "not found") -> 0.18
A9: Minnesota | B9: North Central | C9: =VLOOKUP('sales region lookup'!A9, 'by search term'!B:C, 2, FALSE) -> 0.68 | D9: =_xlfn.XLOOKUP(A9, 'by search term'!B8:B59, 'by search term'!D8:D59, "not found") -> 0.17
A10: Wisconsin | B10: North Central | C10: =VLOOKUP('sales region lookup'!A10, 'by search term'!B:C, 2, FALSE) -> 0.66 | D10: =_xlfn.XLOOKUP(A10, 'by search term'!B9:B60, 'by search term'!D9:D60, "not found") -> 0.21
A11: Michigan | B11: North Central | C11: =VLOOKUP('sales region lookup'!A11, 'by search term'!B:C, 2, FALSE) -> 0.66 | D11: =_xlfn.XLOOKUP(A11, 'by search term'!B10:B61, 'by search term'!D10:D61, "not found") -> 0.2
A13: Sales Region | B13: (All)
A15: Row Labels | B15: Sum of Hamburger | C15: Sum of Milkshake
A16: Idaho | B16: 0.67 | C16: 0.19
A17: Michigan | B17: 0.66 | C17: 0.2
A18: Minnesota | B18: 0.68 | C18: 0.17
A19: Montana | B19: 0.73 | C19: 0.15
A20: Nebraska | B20: 0.7 | C20: 0.18
A21: North Dakota | B21: 0.7 | C21: 0.18
A22: Oregon | B22: 0.68 | C22: 0.18
A23: South Dakota | B23: 0.76 | C23: 0.14
A24: Washington | B24: 0.67 | C24: 0.19
A25: Wisconsin | B25: 0.66 | C25: 0.21
A26: Grand Total | B26: 6.91 | C26: 1.79
